{
  "collection": {
    "_": {
      "postman_id": "c61b1232-c620-42d3-43df-bbd660cabf11"
    },
    "item": [
      {
        "id": "ae6394f8-9c76-a5af-9816-b3b89d906a3f",
        "name": "createFlow",
        "request": {
          "url": {
            "protocol": "{{protocol}}",
            "port": "{{port}}",
            "path": [
              "api",
              "v1",
              "flow"
            ],
            "host": [
              "{{path}}"
            ],
            "query": [],
            "variable": []
          },
          "header": [
            {
              "key": "Content-Type",
              "value": "application/json"
            }
          ],
          "method": "POST",
          "body": {
            "mode": "raw",
            "raw": "{\n\t\"flow\": \"[{\\\"type\\\":\\\"inject\\\",\\\"payload\\\":\\\"\\\",\\\"payloadType\\\":\\\"date\\\",\\\"once\\\":true,\\\"onceDelay\\\":0.1,\\\"repeat\\\":\\\"10s\\\",\\\"crontab\\\":\\\"*/1 0-0.5 * * *\\\"},{\\\"type\\\":\\\"getData\\\",\\\"data\\\":[{\\\"name\\\":\\\"今日电压\\\",\\\"code\\\":\\\"todayV\\\",\\\"souceType\\\":\\\"device\\\",\\\"device\\\":\\\"zyj_test\\\",\\\"attr\\\":\\\"A1\\\",\\\"source\\\":\\\"getRtDataByTag\\\",\\\"statsType\\\":\\\"sum\\\",\\\"startTime\\\":\\\"today 10:00\\\",\\\"endTime\\\":\\\"today 14:00\\\",\\\"outputField\\\":\\\"value\\\"}]},{\\\"type\\\":\\\"dataProcess\\\",\\\"progressType\\\":\\\"expression\\\",\\\"expression\\\":\\\"todayV * 2\\\",\\\"script\\\":\\\"function(data){ return data.todayVoltage + data.yesterdayVoltage.value}\\\"},{\\\"type\\\":\\\"storage\\\",\\\"targetType\\\":\\\"dataView\\\",\\\"viewName\\\":\\\"车间1\\\",\\\"viewCode\\\":\\\"12ddds-ssds-ddd\\\",\\\"attr\\\":\\\"电压\\\",\\\"timestamp\\\":\\\"now\\\"}]\",\n\t\"name\":\"test\",\n\t\"projectId\": \"{{projectId}}\",\n\t\"tenantId\": \"{{tenantId}}\"\n}"
          }
        },
        "response": [],
        "event": [
          {
            "listen": "test",
            "script": {
              "id": "83245a01-67f1-440c-b30e-b3860c2f14e9",
              "type": "text/javascript",
              "exec": [
                "pm.test(\"Status code is 200\", function () {\r",
                "    pm.response.to.have.status(200);\r",
                "});\r",
                "\r",
                "pm.test(\"Status code is 400\", function () {\r",
                "    pm.response.to.have.status(400);\r",
                "});\r",
                "\r",
                "pm.test(\"hasData!!!\", function () {\r",
                "    pm.response.to.have.jsonBody('data');\r",
                "});\r",
                ""
              ],
              "_lastExecutionId": "7f7cb884-9761-48e9-88cf-4061dee3a893"
            }
          },
          {
            "listen": "prerequest",
            "script": {
              "id": "0bbaf686-70e6-4db4-a004-dbb2b5688db9",
              "type": "text/javascript",
              "exec": [
                "console.log('createFlow begin!!!')\r",
                "pm.globals.set(\"tenantId\", \"hponkau9\");"
              ],
              "_lastExecutionId": "57ccd7f1-2f48-45ba-8e51-03feae84277e"
            }
          }
        ]
      },
      {
        "id": "bf589ab9-8ce2-d836-d799-fbc86450a1ef",
        "name": "getFlow",
        "request": {
          "url": {
            "protocol": "{{protocol}}",
            "port": "{{port}}",
            "path": [
              "api",
              "v1",
              "flow",
              "364e5ece.e9d2b2"
            ],
            "host": [
              "{{path}}"
            ],
            "query": [],
            "variable": []
          },
          "method": "GET"
        },
        "response": [],
        "event": []
      },
      {
        "id": "0dad5118-2c75-e3fe-8c73-f02c197684b4",
        "name": "startFlow",
        "request": {
          "url": {
            "protocol": "{{protocol}}",
            "port": "{{port}}",
            "path": [
              "api",
              "v1",
              "flow-status",
              "7d19077b.0a9e38",
              "start"
            ],
            "host": [
              "{{path}}"
            ],
            "query": [],
            "variable": []
          },
          "header": [
            {
              "disabled": true,
              "key": "Content-Type",
              "value": "application/json"
            }
          ],
          "method": "POST",
          "body": {
            "mode": "raw",
            "raw": ""
          }
        },
        "response": [],
        "event": []
      },
      {
        "id": "c4d4b268-a59e-666a-07cf-61053cdf4c35",
        "name": "stopFlow",
        "request": {
          "url": {
            "protocol": "{{protocol}}",
            "port": "{{port}}",
            "path": [
              "api",
              "v1",
              "flow-status",
              "7d0df1ed.4431a",
              "stop"
            ],
            "host": [
              "{{path}}"
            ],
            "query": [],
            "variable": []
          },
          "header": [
            {
              "disabled": true,
              "key": "Content-Type",
              "value": "application/json"
            }
          ],
          "method": "POST",
          "body": {
            "mode": "raw",
            "raw": ""
          }
        },
        "response": [],
        "event": []
      },
      {
        "id": "a62df369-fadd-d4a7-6c35-5458e36abf53",
        "name": "deleteFlow",
        "request": {
          "url": {
            "protocol": "{{protocol}}",
            "port": "{{port}}",
            "path": [
              "api",
              "v1",
              "flow",
              "3568a143.8fd45e"
            ],
            "host": [
              "{{path}}"
            ],
            "query": [],
            "variable": []
          },
          "method": "DELETE",
          "body": {
            "mode": "formdata",
            "formdata": []
          }
        },
        "response": [],
        "event": []
      },
      {
        "id": "575ab365-3ece-4b55-8e52-45986bbe2cbf",
        "name": "batchDeleteFlow",
        "request": {
          "url": {
            "protocol": "{{protocol}}",
            "port": "{{port}}",
            "path": [
              "api",
              "v1",
              "batchFlow"
            ],
            "host": [
              "{{path}}"
            ],
            "query": [],
            "variable": []
          },
          "method": "DELETE",
          "body": {
            "mode": "raw",
            "raw": "{\r\n    \"ids\": [\"60a8ef3c.65086\", \"6d0903ef.1d00dc\"]\r\n}",
            "options": {
              "raw": {
                "language": "json"
              }
            }
          }
        },
        "response": [],
        "event": []
      },
      {
        "id": "5be2d778-6f60-7743-73fa-5f7105c3e72e",
        "name": "updateFlow",
        "request": {
          "url": {
            "protocol": "{{protocol}}",
            "port": "{{port}}",
            "path": [
              "api",
              "v1",
              "flow",
              "3c9da63c.0e0caa"
            ],
            "host": [
              "{{path}}"
            ],
            "query": [],
            "variable": []
          },
          "header": [
            {
              "key": "Content-Type",
              "value": "application/json"
            }
          ],
          "method": "PUT",
          "body": {
            "mode": "raw",
            "raw": "{\n\t\"flow\": \"[{\\\"type\\\":\\\"inject\\\",\\\"payload\\\":\\\"\\\",\\\"payloadType\\\":\\\"date\\\",\\\"once\\\":true,\\\"onceDelay\\\":0.1,\\\"repeat\\\":\\\"10s\\\",\\\"crontab\\\":\\\"*/1 0-0.5 * * *\\\"},{\\\"type\\\":\\\"getData\\\",\\\"data\\\":[{\\\"name\\\":\\\"今日电压\\\",\\\"code\\\":\\\"todayV\\\",\\\"souceType\\\":\\\"device\\\",\\\"device\\\":\\\"son01\\\",\\\"attr\\\":\\\"A1\\\",\\\"source\\\":\\\"getRtDataByTag\\\",\\\"statsType\\\":\\\"sum\\\",\\\"startTime\\\":\\\"today 10:00\\\",\\\"endTime\\\":\\\"today 14:00\\\",\\\"outputField\\\":\\\"value\\\"}]},{\\\"type\\\":\\\"dataProcess\\\",\\\"progressType\\\":\\\"expression\\\",\\\"expression\\\":\\\"todayV * 2\\\",\\\"script\\\":\\\"function(data){ return data.todayVoltage + data.yesterdayVoltage.value}\\\"},{\\\"type\\\":\\\"storage\\\",\\\"targetType\\\":\\\"dataView\\\",\\\"viewName\\\":\\\"车间1\\\",\\\"viewCode\\\":\\\"12ddds-ssds-ddd\\\",\\\"attr\\\":\\\"电压\\\",\\\"timestamp\\\":\\\"now\\\"}]\",\n\t\"name\":\"testA\"\n}"
          }
        },
        "response": [],
        "event": [
          {
            "listen": "prerequest",
            "script": {
              "id": "fe360775-0348-4ac6-b8d1-ee6ebe2f3c89",
              "type": "text/javascript",
              "exec": [
                "const repeatTime = Math.floor(Math.random()*10 + 1);",
                "",
                "postman.setEnvironmentVariable(\"repeatTime\", \"repeatTime\");"
              ],
              "_lastExecutionId": "bd894ced-bbfb-415d-85d4-b49271842edf"
            }
          }
        ]
      }
    ],
    "event": [
      {
        "listen": "prerequest",
        "script": {
          "id": "af7cde96-1caf-402a-b173-86e9ed0ef3ae",
          "type": "text/javascript",
          "exec": [
            ""
          ],
          "_lastExecutionId": "b0597114-8e3c-45d6-9db9-46d700db4255"
        }
      },
      {
        "listen": "test",
        "script": {
          "id": "286b3a9c-648e-403a-8e06-0dd12f615db3",
          "type": "text/javascript",
          "exec": [
            ""
          ],
          "_lastExecutionId": "1b6f0289-5f85-432b-8dc8-986a7523111c"
        }
      }
    ],
    "variable": [
      {
        "id": "df7540e6-af85-491a-b311-a8d10a6b10a1",
        "type": "any",
        "value": "localhost",
        "key": "path"
      },
      {
        "id": "1736d972-c1e5-4b2a-a139-be3df1140cd2",
        "type": "any",
        "value": "8603",
        "key": "port"
      },
      {
        "id": "05201556-9874-4202-a387-42dad9140fdc",
        "type": "any",
        "value": "http",
        "key": "protocol"
      },
      {
        "id": "d46330ae-77d9-4d71-baa3-2a528b541342",
        "type": "any",
        "value": "hponkau9",
        "key": "tenantId"
      },
      {
        "id": "7c91368c-75b6-4d4f-b15c-7c8ad384806b",
        "type": "any",
        "value": "61230350632e6f0001783d5f",
        "key": "projectId"
      }
    ],
    "info": {
      "_postman_id": "c61b1232-c620-42d3-43df-bbd660cabf11",
      "name": "rule",
      "schema": "https://schema.getpostman.com/json/collection/v2.1.0/collection.json"
    }
  },
  "environment": {
    "id": "e342142e-8004-429c-b324-99de4e558c6e",
    "values": [
      {
        "type": "any",
        "value": "repeatTime",
        "key": "repeatTime"
      }
    ]
  },
  "globals": {
    "id": "be421f3b-6a3a-4989-8072-45cd9709bc7c",
    "values": [
      {
        "type": "any",
        "value": "hponkau9",
        "key": "tenantId"
      }
    ]
  },
  "run": {
    "stats": {
      "iterations": {
        "total": 1,
        "pending": 0,
        "failed": 0
      },
      "items": {
        "total": 7,
        "pending": 0,
        "failed": 0
      },
      "scripts": {
        "total": 17,
        "pending": 0,
        "failed": 0
      },
      "prerequests": {
        "total": 7,
        "pending": 0,
        "failed": 0
      },
      "requests": {
        "total": 7,
        "pending": 0,
        "failed": 0
      },
      "tests": {
        "total": 7,
        "pending": 0,
        "failed": 0
      },
      "assertions": {
        "total": 3,
        "pending": 0,
        "failed": 1
      },
      "testScripts": {
        "total": 8,
        "pending": 0,
        "failed": 0
      },
      "prerequestScripts": {
        "total": 9,
        "pending": 0,
        "failed": 0
      }
    },
    "timings": {
      "responseAverage": 18.428571428571427,
      "responseMin": 8,
      "responseMax": 63,
      "responseSd": 18.282365764834257,
      "dnsAverage": 0,
      "dnsMin": 0,
      "dnsMax": 0,
      "dnsSd": 0,
      "firstByteAverage": 0,
      "firstByteMin": 0,
      "firstByteMax": 0,
      "firstByteSd": 0,
      "started": 1631779259466,
      "completed": 1631779260219
    },
    "executions": [
      {
        "cursor": {
          "position": 0,
          "iteration": 0,
          "length": 7,
          "cycles": 1,
          "empty": false,
          "eof": false,
          "bof": true,
          "cr": false,
          "ref": "5aaa35a1-98f6-4557-8593-e45813bd0571",
          "httpRequestId": "14693fd3-42f6-47a7-ad67-c9c7dfb07916"
        },
        "item": {
          "id": "ae6394f8-9c76-a5af-9816-b3b89d906a3f",
          "name": "createFlow",
          "request": {
            "url": {
              "protocol": "{{protocol}}",
              "port": "{{port}}",
              "path": [
                "api",
                "v1",
                "flow"
              ],
              "host": [
                "{{path}}"
              ],
              "query": [],
              "variable": []
            },
            "header": [
              {
                "key": "Content-Type",
                "value": "application/json"
              }
            ],
            "method": "POST",
            "body": {
              "mode": "raw",
              "raw": "{\n\t\"flow\": \"[{\\\"type\\\":\\\"inject\\\",\\\"payload\\\":\\\"\\\",\\\"payloadType\\\":\\\"date\\\",\\\"once\\\":true,\\\"onceDelay\\\":0.1,\\\"repeat\\\":\\\"10s\\\",\\\"crontab\\\":\\\"*/1 0-0.5 * * *\\\"},{\\\"type\\\":\\\"getData\\\",\\\"data\\\":[{\\\"name\\\":\\\"今日电压\\\",\\\"code\\\":\\\"todayV\\\",\\\"souceType\\\":\\\"device\\\",\\\"device\\\":\\\"zyj_test\\\",\\\"attr\\\":\\\"A1\\\",\\\"source\\\":\\\"getRtDataByTag\\\",\\\"statsType\\\":\\\"sum\\\",\\\"startTime\\\":\\\"today 10:00\\\",\\\"endTime\\\":\\\"today 14:00\\\",\\\"outputField\\\":\\\"value\\\"}]},{\\\"type\\\":\\\"dataProcess\\\",\\\"progressType\\\":\\\"expression\\\",\\\"expression\\\":\\\"todayV * 2\\\",\\\"script\\\":\\\"function(data){ return data.todayVoltage + data.yesterdayVoltage.value}\\\"},{\\\"type\\\":\\\"storage\\\",\\\"targetType\\\":\\\"dataView\\\",\\\"viewName\\\":\\\"车间1\\\",\\\"viewCode\\\":\\\"12ddds-ssds-ddd\\\",\\\"attr\\\":\\\"电压\\\",\\\"timestamp\\\":\\\"now\\\"}]\",\n\t\"name\":\"test\",\n\t\"projectId\": \"{{projectId}}\",\n\t\"tenantId\": \"{{tenantId}}\"\n}"
            }
          },
          "response": [],
          "event": [
            {
              "listen": "test",
              "script": {
                "id": "83245a01-67f1-440c-b30e-b3860c2f14e9",
                "type": "text/javascript",
                "exec": [
                  "pm.test(\"Status code is 200\", function () {\r",
                  "    pm.response.to.have.status(200);\r",
                  "});\r",
                  "\r",
                  "pm.test(\"Status code is 400\", function () {\r",
                  "    pm.response.to.have.status(400);\r",
                  "});\r",
                  "\r",
                  "pm.test(\"hasData!!!\", function () {\r",
                  "    pm.response.to.have.jsonBody('data');\r",
                  "});\r",
                  ""
                ],
                "_lastExecutionId": "7f7cb884-9761-48e9-88cf-4061dee3a893"
              }
            },
            {
              "listen": "prerequest",
              "script": {
                "id": "0bbaf686-70e6-4db4-a004-dbb2b5688db9",
                "type": "text/javascript",
                "exec": [
                  "console.log('createFlow begin!!!')\r",
                  "pm.globals.set(\"tenantId\", \"hponkau9\");"
                ],
                "_lastExecutionId": "57ccd7f1-2f48-45ba-8e51-03feae84277e"
              }
            }
          ]
        },
        "request": {
          "url": {
            "protocol": "http",
            "port": "8603",
            "path": [
              "api",
              "v1",
              "flow"
            ],
            "host": [
              "localhost"
            ],
            "query": [],
            "variable": []
          },
          "header": [
            {
              "key": "Content-Type",
              "value": "application/json"
            },
            {
              "key": "User-Agent",
              "value": "PostmanRuntime/7.28.4",
              "system": true
            },
            {
              "key": "Accept",
              "value": "*/*",
              "system": true
            },
            {
              "key": "Cache-Control",
              "value": "no-cache",
              "system": true
            },
            {
              "key": "Postman-Token",
              "value": "088e2deb-75aa-4524-8852-7a20b585d82c",
              "system": true
            },
            {
              "key": "Host",
              "value": "localhost:8603",
              "system": true
            },
            {
              "key": "Accept-Encoding",
              "value": "gzip, deflate, br",
              "system": true
            },
            {
              "key": "Connection",
              "value": "keep-alive",
              "system": true
            },
            {
              "key": "Content-Length",
              "value": "856",
              "system": true
            }
          ],
          "method": "POST",
          "body": {
            "mode": "raw",
            "raw": "{\n\t\"flow\": \"[{\\\"type\\\":\\\"inject\\\",\\\"payload\\\":\\\"\\\",\\\"payloadType\\\":\\\"date\\\",\\\"once\\\":true,\\\"onceDelay\\\":0.1,\\\"repeat\\\":\\\"10s\\\",\\\"crontab\\\":\\\"*/1 0-0.5 * * *\\\"},{\\\"type\\\":\\\"getData\\\",\\\"data\\\":[{\\\"name\\\":\\\"今日电压\\\",\\\"code\\\":\\\"todayV\\\",\\\"souceType\\\":\\\"device\\\",\\\"device\\\":\\\"zyj_test\\\",\\\"attr\\\":\\\"A1\\\",\\\"source\\\":\\\"getRtDataByTag\\\",\\\"statsType\\\":\\\"sum\\\",\\\"startTime\\\":\\\"today 10:00\\\",\\\"endTime\\\":\\\"today 14:00\\\",\\\"outputField\\\":\\\"value\\\"}]},{\\\"type\\\":\\\"dataProcess\\\",\\\"progressType\\\":\\\"expression\\\",\\\"expression\\\":\\\"todayV * 2\\\",\\\"script\\\":\\\"function(data){ return data.todayVoltage + data.yesterdayVoltage.value}\\\"},{\\\"type\\\":\\\"storage\\\",\\\"targetType\\\":\\\"dataView\\\",\\\"viewName\\\":\\\"车间1\\\",\\\"viewCode\\\":\\\"12ddds-ssds-ddd\\\",\\\"attr\\\":\\\"电压\\\",\\\"timestamp\\\":\\\"now\\\"}]\",\n\t\"name\":\"test\",\n\t\"projectId\": \"61230350632e6f0001783d5f\",\n\t\"tenantId\": \"hponkau9\"\n}"
          }
        },
        "response": {
          "id": "d3f0e7b6-051e-4caf-be6e-8e0c18475987",
          "status": "OK",
          "code": 200,
          "header": [
            {
              "key": "Content-Type",
              "value": "application/json; charset=utf-8"
            },
            {
              "key": "Content-Length",
              "value": "80"
            },
            {
              "key": "Date",
              "value": "Thu, 16 Sep 2021 08:00:59 GMT"
            },
            {
              "key": "Connection",
              "value": "keep-alive"
            }
          ],
          "stream": {
            "type": "Buffer",
            "data": [
              123,
              10,
              32,
              32,
              34,
              99,
              111,
              100,
              101,
              34,
              58,
              32,
              34,
              50,
              48,
              48,
              34,
              44,
              10,
              32,
              32,
              34,
              100,
              97,
              116,
              97,
              34,
              58,
              32,
              34,
              55,
              55,
              100,
              97,
              55,
              55,
              98,
              51,
              46,
              53,
              101,
              54,
              56,
              99,
              56,
              34,
              44,
              10,
              32,
              32,
              34,
              101,
              114,
              114,
              111,
              114,
              67,
              111,
              100,
              101,
              34,
              58,
              32,
              34,
              34,
              44,
              10,
              32,
              32,
              34,
              109,
              115,
              103,
              34,
              58,
              32,
              34,
              34,
              10,
              125
            ]
          },
          "cookie": [],
          "responseTime": 63,
          "responseSize": 80
        },
        "id": "ae6394f8-9c76-a5af-9816-b3b89d906a3f",
        "assertions": [
          {
            "assertion": "Status code is 200",
            "skipped": false
          },
          {
            "assertion": "Status code is 400",
            "skipped": false,
            "error": {
              "name": "AssertionError",
              "index": 1,
              "test": "Status code is 400",
              "message": "expected response to have status code 400 but got 200",
              "stack": "AssertionError: expected response to have status code 400 but got 200\n   at Object.eval sandbox-script.js:2:1)"
            }
          },
          {
            "assertion": "hasData!!!",
            "skipped": false
          }
        ]
      },
      {
        "cursor": {
          "ref": "7c5bb137-aad8-4af0-b994-5dcecd63215a",
          "length": 7,
          "cycles": 1,
          "position": 1,
          "iteration": 0,
          "httpRequestId": "b54a7e00-7515-4e61-b7fa-def2b497fb60"
        },
        "item": {
          "id": "bf589ab9-8ce2-d836-d799-fbc86450a1ef",
          "name": "getFlow",
          "request": {
            "url": {
              "protocol": "{{protocol}}",
              "port": "{{port}}",
              "path": [
                "api",
                "v1",
                "flow",
                "364e5ece.e9d2b2"
              ],
              "host": [
                "{{path}}"
              ],
              "query": [],
              "variable": []
            },
            "method": "GET"
          },
          "response": [],
          "event": []
        },
        "request": {
          "url": {
            "protocol": "http",
            "port": "8603",
            "path": [
              "api",
              "v1",
              "flow",
              "364e5ece.e9d2b2"
            ],
            "host": [
              "localhost"
            ],
            "query": [],
            "variable": []
          },
          "header": [
            {
              "key": "User-Agent",
              "value": "PostmanRuntime/7.28.4",
              "system": true
            },
            {
              "key": "Accept",
              "value": "*/*",
              "system": true
            },
            {
              "key": "Cache-Control",
              "value": "no-cache",
              "system": true
            },
            {
              "key": "Postman-Token",
              "value": "c8484577-9a7a-42a8-bbd1-7a6ddfa1771d",
              "system": true
            },
            {
              "key": "Host",
              "value": "localhost:8603",
              "system": true
            },
            {
              "key": "Accept-Encoding",
              "value": "gzip, deflate, br",
              "system": true
            },
            {
              "key": "Connection",
              "value": "keep-alive",
              "system": true
            }
          ],
          "method": "GET"
        },
        "response": {
          "id": "250f81da-d962-4db2-9201-46a108a6abc1",
          "status": "OK",
          "code": 200,
          "header": [
            {
              "key": "Content-Type",
              "value": "application/json; charset=utf-8"
            },
            {
              "key": "Content-Length",
              "value": "119"
            },
            {
              "key": "Date",
              "value": "Thu, 16 Sep 2021 08:00:59 GMT"
            },
            {
              "key": "Connection",
              "value": "keep-alive"
            }
          ],
          "stream": {
            "type": "Buffer",
            "data": [
              123,
              10,
              32,
              32,
              34,
              99,
              111,
              100,
              101,
              34,
              58,
              32,
              34,
              52,
              48,
              48,
              34,
              44,
              10,
              32,
              32,
              34,
              100,
              97,
              116,
              97,
              34,
              58,
              32,
              110,
              117,
              108,
              108,
              44,
              10,
              32,
              32,
              34,
              101,
              114,
              114,
              111,
              114,
              67,
              111,
              100,
              101,
              34,
              58,
              32,
              34,
              99,
              117,
              114,
              114,
              101,
              110,
              116,
              32,
              102,
              108,
              111,
              119,
              32,
              104,
              97,
              115,
              32,
              110,
              111,
              116,
              32,
              101,
              120,
              105,
              115,
              116,
              34,
              44,
              10,
              32,
              32,
              34,
              109,
              115,
              103,
              34,
              58,
              32,
              34,
              99,
              117,
              114,
              114,
              101,
              110,
              116,
              32,
              102,
              108,
              111,
              119,
              32,
              104,
              97,
              115,
              32,
              110,
              111,
              116,
              32,
              101,
              120,
              105,
              115,
              116,
              34,
              10,
              125
            ]
          },
          "cookie": [],
          "responseTime": 11,
          "responseSize": 119
        },
        "id": "bf589ab9-8ce2-d836-d799-fbc86450a1ef"
      },
      {
        "cursor": {
          "ref": "579dbfd6-8e9b-4fd3-9638-08fc81d71e14",
          "length": 7,
          "cycles": 1,
          "position": 2,
          "iteration": 0,
          "httpRequestId": "94d74896-e5b7-4464-9ed7-5616c70875fe"
        },
        "item": {
          "id": "0dad5118-2c75-e3fe-8c73-f02c197684b4",
          "name": "startFlow",
          "request": {
            "url": {
              "protocol": "{{protocol}}",
              "port": "{{port}}",
              "path": [
                "api",
                "v1",
                "flow-status",
                "7d19077b.0a9e38",
                "start"
              ],
              "host": [
                "{{path}}"
              ],
              "query": [],
              "variable": []
            },
            "header": [
              {
                "disabled": true,
                "key": "Content-Type",
                "value": "application/json"
              }
            ],
            "method": "POST",
            "body": {
              "mode": "raw",
              "raw": ""
            }
          },
          "response": [],
          "event": []
        },
        "request": {
          "url": {
            "protocol": "http",
            "port": "8603",
            "path": [
              "api",
              "v1",
              "flow-status",
              "7d19077b.0a9e38",
              "start"
            ],
            "host": [
              "localhost"
            ],
            "query": [],
            "variable": []
          },
          "header": [
            {
              "disabled": true,
              "key": "Content-Type",
              "value": "application/json"
            },
            {
              "key": "User-Agent",
              "value": "PostmanRuntime/7.28.4",
              "system": true
            },
            {
              "key": "Accept",
              "value": "*/*",
              "system": true
            },
            {
              "key": "Cache-Control",
              "value": "no-cache",
              "system": true
            },
            {
              "key": "Postman-Token",
              "value": "98e98cd8-fc2c-4949-b9ad-805960d00188",
              "system": true
            },
            {
              "key": "Host",
              "value": "localhost:8603",
              "system": true
            },
            {
              "key": "Accept-Encoding",
              "value": "gzip, deflate, br",
              "system": true
            },
            {
              "key": "Connection",
              "value": "keep-alive",
              "system": true
            },
            {
              "key": "Content-Length",
              "value": "0",
              "system": true
            }
          ],
          "method": "POST",
          "body": {
            "mode": "raw",
            "raw": ""
          }
        },
        "response": {
          "id": "0de21009-518e-4cc3-8360-5397df2259df",
          "status": "OK",
          "code": 200,
          "header": [
            {
              "key": "Content-Type",
              "value": "application/json; charset=utf-8"
            },
            {
              "key": "Content-Length",
              "value": "119"
            },
            {
              "key": "Date",
              "value": "Thu, 16 Sep 2021 08:00:59 GMT"
            },
            {
              "key": "Connection",
              "value": "keep-alive"
            }
          ],
          "stream": {
            "type": "Buffer",
            "data": [
              123,
              10,
              32,
              32,
              34,
              99,
              111,
              100,
              101,
              34,
              58,
              32,
              34,
              52,
              48,
              48,
              34,
              44,
              10,
              32,
              32,
              34,
              100,
              97,
              116,
              97,
              34,
              58,
              32,
              110,
              117,
              108,
              108,
              44,
              10,
              32,
              32,
              34,
              101,
              114,
              114,
              111,
              114,
              67,
              111,
              100,
              101,
              34,
              58,
              32,
              34,
              99,
              117,
              114,
              114,
              101,
              110,
              116,
              32,
              102,
              108,
              111,
              119,
              32,
              104,
              97,
              115,
              32,
              110,
              111,
              116,
              32,
              101,
              120,
              105,
              115,
              116,
              34,
              44,
              10,
              32,
              32,
              34,
              109,
              115,
              103,
              34,
              58,
              32,
              34,
              99,
              117,
              114,
              114,
              101,
              110,
              116,
              32,
              102,
              108,
              111,
              119,
              32,
              104,
              97,
              115,
              32,
              110,
              111,
              116,
              32,
              101,
              120,
              105,
              115,
              116,
              34,
              10,
              125
            ]
          },
          "cookie": [],
          "responseTime": 8,
          "responseSize": 119
        },
        "id": "0dad5118-2c75-e3fe-8c73-f02c197684b4"
      },
      {
        "cursor": {
          "ref": "a2c52748-3942-4c34-a8d4-e74ba60e6c5d",
          "length": 7,
          "cycles": 1,
          "position": 3,
          "iteration": 0,
          "httpRequestId": "85a6faac-35ad-403a-947a-461321fb678d"
        },
        "item": {
          "id": "c4d4b268-a59e-666a-07cf-61053cdf4c35",
          "name": "stopFlow",
          "request": {
            "url": {
              "protocol": "{{protocol}}",
              "port": "{{port}}",
              "path": [
                "api",
                "v1",
                "flow-status",
                "7d0df1ed.4431a",
                "stop"
              ],
              "host": [
                "{{path}}"
              ],
              "query": [],
              "variable": []
            },
            "header": [
              {
                "disabled": true,
                "key": "Content-Type",
                "value": "application/json"
              }
            ],
            "method": "POST",
            "body": {
              "mode": "raw",
              "raw": ""
            }
          },
          "response": [],
          "event": []
        },
        "request": {
          "url": {
            "protocol": "http",
            "port": "8603",
            "path": [
              "api",
              "v1",
              "flow-status",
              "7d0df1ed.4431a",
              "stop"
            ],
            "host": [
              "localhost"
            ],
            "query": [],
            "variable": []
          },
          "header": [
            {
              "disabled": true,
              "key": "Content-Type",
              "value": "application/json"
            },
            {
              "key": "User-Agent",
              "value": "PostmanRuntime/7.28.4",
              "system": true
            },
            {
              "key": "Accept",
              "value": "*/*",
              "system": true
            },
            {
              "key": "Cache-Control",
              "value": "no-cache",
              "system": true
            },
            {
              "key": "Postman-Token",
              "value": "d9ccd86a-d648-4757-8376-5909f771c2bd",
              "system": true
            },
            {
              "key": "Host",
              "value": "localhost:8603",
              "system": true
            },
            {
              "key": "Accept-Encoding",
              "value": "gzip, deflate, br",
              "system": true
            },
            {
              "key": "Connection",
              "value": "keep-alive",
              "system": true
            },
            {
              "key": "Content-Length",
              "value": "0",
              "system": true
            }
          ],
          "method": "POST",
          "body": {
            "mode": "raw",
            "raw": ""
          }
        },
        "response": {
          "id": "45fdcaae-b6fd-4cd1-aa72-1394211eff26",
          "status": "OK",
          "code": 200,
          "header": [
            {
              "key": "Content-Type",
              "value": "application/json; charset=utf-8"
            },
            {
              "key": "Content-Length",
              "value": "119"
            },
            {
              "key": "Date",
              "value": "Thu, 16 Sep 2021 08:00:59 GMT"
            },
            {
              "key": "Connection",
              "value": "keep-alive"
            }
          ],
          "stream": {
            "type": "Buffer",
            "data": [
              123,
              10,
              32,
              32,
              34,
              99,
              111,
              100,
              101,
              34,
              58,
              32,
              34,
              52,
              48,
              48,
              34,
              44,
              10,
              32,
              32,
              34,
              100,
              97,
              116,
              97,
              34,
              58,
              32,
              110,
              117,
              108,
              108,
              44,
              10,
              32,
              32,
              34,
              101,
              114,
              114,
              111,
              114,
              67,
              111,
              100,
              101,
              34,
              58,
              32,
              34,
              99,
              117,
              114,
              114,
              101,
              110,
              116,
              32,
              102,
              108,
              111,
              119,
              32,
              104,
              97,
              115,
              32,
              110,
              111,
              116,
              32,
              101,
              120,
              105,
              115,
              116,
              34,
              44,
              10,
              32,
              32,
              34,
              109,
              115,
              103,
              34,
              58,
              32,
              34,
              99,
              117,
              114,
              114,
              101,
              110,
              116,
              32,
              102,
              108,
              111,
              119,
              32,
              104,
              97,
              115,
              32,
              110,
              111,
              116,
              32,
              101,
              120,
              105,
              115,
              116,
              34,
              10,
              125
            ]
          },
          "cookie": [],
          "responseTime": 13,
          "responseSize": 119
        },
        "id": "c4d4b268-a59e-666a-07cf-61053cdf4c35"
      },
      {
        "cursor": {
          "ref": "79d028ac-11e6-4d60-9938-2a8490944655",
          "length": 7,
          "cycles": 1,
          "position": 4,
          "iteration": 0,
          "httpRequestId": "6fbbe2ff-8222-4097-9b79-6e75eaadd812"
        },
        "item": {
          "id": "a62df369-fadd-d4a7-6c35-5458e36abf53",
          "name": "deleteFlow",
          "request": {
            "url": {
              "protocol": "{{protocol}}",
              "port": "{{port}}",
              "path": [
                "api",
                "v1",
                "flow",
                "3568a143.8fd45e"
              ],
              "host": [
                "{{path}}"
              ],
              "query": [],
              "variable": []
            },
            "method": "DELETE",
            "body": {
              "mode": "formdata",
              "formdata": []
            }
          },
          "response": [],
          "event": []
        },
        "request": {
          "url": {
            "protocol": "http",
            "port": "8603",
            "path": [
              "api",
              "v1",
              "flow",
              "3568a143.8fd45e"
            ],
            "host": [
              "localhost"
            ],
            "query": [],
            "variable": []
          },
          "header": [
            {
              "key": "User-Agent",
              "value": "PostmanRuntime/7.28.4",
              "system": true
            },
            {
              "key": "Accept",
              "value": "*/*",
              "system": true
            },
            {
              "key": "Cache-Control",
              "value": "no-cache",
              "system": true
            },
            {
              "key": "Postman-Token",
              "value": "56a11fa6-04ff-42c6-98c9-f3e12f82fe5d",
              "system": true
            },
            {
              "key": "Host",
              "value": "localhost:8603",
              "system": true
            },
            {
              "key": "Accept-Encoding",
              "value": "gzip, deflate, br",
              "system": true
            },
            {
              "key": "Connection",
              "value": "keep-alive",
              "system": true
            }
          ],
          "method": "DELETE",
          "body": {
            "mode": "formdata",
            "formdata": []
          }
        },
        "response": {
          "id": "9630ed6f-0e19-4cb1-8a10-e2a0ab2b9d44",
          "status": "OK",
          "code": 200,
          "header": [
            {
              "key": "Content-Type",
              "value": "application/json; charset=utf-8"
            },
            {
              "key": "Content-Length",
              "value": "119"
            },
            {
              "key": "Date",
              "value": "Thu, 16 Sep 2021 08:00:59 GMT"
            },
            {
              "key": "Connection",
              "value": "keep-alive"
            }
          ],
          "stream": {
            "type": "Buffer",
            "data": [
              123,
              10,
              32,
              32,
              34,
              99,
              111,
              100,
              101,
              34,
              58,
              32,
              34,
              52,
              48,
              48,
              34,
              44,
              10,
              32,
              32,
              34,
              100,
              97,
              116,
              97,
              34,
              58,
              32,
              110,
              117,
              108,
              108,
              44,
              10,
              32,
              32,
              34,
              101,
              114,
              114,
              111,
              114,
              67,
              111,
              100,
              101,
              34,
              58,
              32,
              34,
              99,
              117,
              114,
              114,
              101,
              110,
              116,
              32,
              102,
              108,
              111,
              119,
              32,
              104,
              97,
              115,
              32,
              110,
              111,
              116,
              32,
              101,
              120,
              105,
              115,
              116,
              34,
              44,
              10,
              32,
              32,
              34,
              109,
              115,
              103,
              34,
              58,
              32,
              34,
              99,
              117,
              114,
              114,
              101,
              110,
              116,
              32,
              102,
              108,
              111,
              119,
              32,
              104,
              97,
              115,
              32,
              110,
              111,
              116,
              32,
              101,
              120,
              105,
              115,
              116,
              34,
              10,
              125
            ]
          },
          "cookie": [],
          "responseTime": 9,
          "responseSize": 119
        },
        "id": "a62df369-fadd-d4a7-6c35-5458e36abf53"
      },
      {
        "cursor": {
          "ref": "33b729e8-9c70-4084-a6bc-5974a1f4361f",
          "length": 7,
          "cycles": 1,
          "position": 5,
          "iteration": 0,
          "httpRequestId": "ffedd63b-0102-4444-9e2a-35fdd76b23fd"
        },
        "item": {
          "id": "575ab365-3ece-4b55-8e52-45986bbe2cbf",
          "name": "batchDeleteFlow",
          "request": {
            "url": {
              "protocol": "{{protocol}}",
              "port": "{{port}}",
              "path": [
                "api",
                "v1",
                "batchFlow"
              ],
              "host": [
                "{{path}}"
              ],
              "query": [],
              "variable": []
            },
            "method": "DELETE",
            "body": {
              "mode": "raw",
              "raw": "{\r\n    \"ids\": [\"60a8ef3c.65086\", \"6d0903ef.1d00dc\"]\r\n}",
              "options": {
                "raw": {
                  "language": "json"
                }
              }
            }
          },
          "response": [],
          "event": []
        },
        "request": {
          "url": {
            "protocol": "http",
            "port": "8603",
            "path": [
              "api",
              "v1",
              "batchFlow"
            ],
            "host": [
              "localhost"
            ],
            "query": [],
            "variable": []
          },
          "header": [
            {
              "key": "Content-Type",
              "value": "application/json",
              "system": true
            },
            {
              "key": "User-Agent",
              "value": "PostmanRuntime/7.28.4",
              "system": true
            },
            {
              "key": "Accept",
              "value": "*/*",
              "system": true
            },
            {
              "key": "Cache-Control",
              "value": "no-cache",
              "system": true
            },
            {
              "key": "Postman-Token",
              "value": "7f320fc7-182d-4a27-aedc-ffe3402f650c",
              "system": true
            },
            {
              "key": "Host",
              "value": "localhost:8603",
              "system": true
            },
            {
              "key": "Accept-Encoding",
              "value": "gzip, deflate, br",
              "system": true
            },
            {
              "key": "Connection",
              "value": "keep-alive",
              "system": true
            },
            {
              "key": "Content-Length",
              "value": "54",
              "system": true
            }
          ],
          "method": "DELETE",
          "body": {
            "mode": "raw",
            "raw": "{\r\n    \"ids\": [\"60a8ef3c.65086\", \"6d0903ef.1d00dc\"]\r\n}",
            "options": {
              "raw": {
                "language": "json"
              }
            }
          }
        },
        "response": {
          "id": "68e771a2-a12e-4456-83f8-0c0dddc92d9a",
          "status": "OK",
          "code": 200,
          "header": [
            {
              "key": "Content-Type",
              "value": "application/json; charset=utf-8"
            },
            {
              "key": "Content-Length",
              "value": "67"
            },
            {
              "key": "Date",
              "value": "Thu, 16 Sep 2021 08:01:00 GMT"
            },
            {
              "key": "Connection",
              "value": "keep-alive"
            }
          ],
          "stream": {
            "type": "Buffer",
            "data": [
              123,
              10,
              32,
              32,
              34,
              99,
              111,
              100,
              101,
              34,
              58,
              32,
              34,
              50,
              48,
              48,
              34,
              44,
              10,
              32,
              32,
              34,
              100,
              97,
              116,
              97,
              34,
              58,
              32,
              116,
              114,
              117,
              101,
              44,
              10,
              32,
              32,
              34,
              101,
              114,
              114,
              111,
              114,
              67,
              111,
              100,
              101,
              34,
              58,
              32,
              34,
              34,
              44,
              10,
              32,
              32,
              34,
              109,
              115,
              103,
              34,
              58,
              32,
              34,
              34,
              10,
              125
            ]
          },
          "cookie": [],
          "responseTime": 13,
          "responseSize": 67
        },
        "id": "575ab365-3ece-4b55-8e52-45986bbe2cbf"
      },
      {
        "cursor": {
          "ref": "db29a539-0ccd-4c7d-b84c-e67ea6ab42c9",
          "length": 7,
          "cycles": 1,
          "position": 6,
          "iteration": 0,
          "httpRequestId": "c60896d1-9dc5-4129-bdeb-045389027185"
        },
        "item": {
          "id": "5be2d778-6f60-7743-73fa-5f7105c3e72e",
          "name": "updateFlow",
          "request": {
            "url": {
              "protocol": "{{protocol}}",
              "port": "{{port}}",
              "path": [
                "api",
                "v1",
                "flow",
                "3c9da63c.0e0caa"
              ],
              "host": [
                "{{path}}"
              ],
              "query": [],
              "variable": []
            },
            "header": [
              {
                "key": "Content-Type",
                "value": "application/json"
              }
            ],
            "method": "PUT",
            "body": {
              "mode": "raw",
              "raw": "{\n\t\"flow\": \"[{\\\"type\\\":\\\"inject\\\",\\\"payload\\\":\\\"\\\",\\\"payloadType\\\":\\\"date\\\",\\\"once\\\":true,\\\"onceDelay\\\":0.1,\\\"repeat\\\":\\\"10s\\\",\\\"crontab\\\":\\\"*/1 0-0.5 * * *\\\"},{\\\"type\\\":\\\"getData\\\",\\\"data\\\":[{\\\"name\\\":\\\"今日电压\\\",\\\"code\\\":\\\"todayV\\\",\\\"souceType\\\":\\\"device\\\",\\\"device\\\":\\\"son01\\\",\\\"attr\\\":\\\"A1\\\",\\\"source\\\":\\\"getRtDataByTag\\\",\\\"statsType\\\":\\\"sum\\\",\\\"startTime\\\":\\\"today 10:00\\\",\\\"endTime\\\":\\\"today 14:00\\\",\\\"outputField\\\":\\\"value\\\"}]},{\\\"type\\\":\\\"dataProcess\\\",\\\"progressType\\\":\\\"expression\\\",\\\"expression\\\":\\\"todayV * 2\\\",\\\"script\\\":\\\"function(data){ return data.todayVoltage + data.yesterdayVoltage.value}\\\"},{\\\"type\\\":\\\"storage\\\",\\\"targetType\\\":\\\"dataView\\\",\\\"viewName\\\":\\\"车间1\\\",\\\"viewCode\\\":\\\"12ddds-ssds-ddd\\\",\\\"attr\\\":\\\"电压\\\",\\\"timestamp\\\":\\\"now\\\"}]\",\n\t\"name\":\"testA\"\n}"
            }
          },
          "response": [],
          "event": [
            {
              "listen": "prerequest",
              "script": {
                "id": "fe360775-0348-4ac6-b8d1-ee6ebe2f3c89",
                "type": "text/javascript",
                "exec": [
                  "const repeatTime = Math.floor(Math.random()*10 + 1);",
                  "",
                  "postman.setEnvironmentVariable(\"repeatTime\", \"repeatTime\");"
                ],
                "_lastExecutionId": "bd894ced-bbfb-415d-85d4-b49271842edf"
              }
            }
          ]
        },
        "request": {
          "url": {
            "protocol": "http",
            "port": "8603",
            "path": [
              "api",
              "v1",
              "flow",
              "3c9da63c.0e0caa"
            ],
            "host": [
              "localhost"
            ],
            "query": [],
            "variable": []
          },
          "header": [
            {
              "key": "Content-Type",
              "value": "application/json"
            },
            {
              "key": "User-Agent",
              "value": "PostmanRuntime/7.28.4",
              "system": true
            },
            {
              "key": "Accept",
              "value": "*/*",
              "system": true
            },
            {
              "key": "Cache-Control",
              "value": "no-cache",
              "system": true
            },
            {
              "key": "Postman-Token",
              "value": "bacb303d-9a91-4278-9e79-642e70de0d23",
              "system": true
            },
            {
              "key": "Host",
              "value": "localhost:8603",
              "system": true
            },
            {
              "key": "Accept-Encoding",
              "value": "gzip, deflate, br",
              "system": true
            },
            {
              "key": "Connection",
              "value": "keep-alive",
              "system": true
            },
            {
              "key": "Content-Length",
              "value": "787",
              "system": true
            }
          ],
          "method": "PUT",
          "body": {
            "mode": "raw",
            "raw": "{\n\t\"flow\": \"[{\\\"type\\\":\\\"inject\\\",\\\"payload\\\":\\\"\\\",\\\"payloadType\\\":\\\"date\\\",\\\"once\\\":true,\\\"onceDelay\\\":0.1,\\\"repeat\\\":\\\"10s\\\",\\\"crontab\\\":\\\"*/1 0-0.5 * * *\\\"},{\\\"type\\\":\\\"getData\\\",\\\"data\\\":[{\\\"name\\\":\\\"今日电压\\\",\\\"code\\\":\\\"todayV\\\",\\\"souceType\\\":\\\"device\\\",\\\"device\\\":\\\"son01\\\",\\\"attr\\\":\\\"A1\\\",\\\"source\\\":\\\"getRtDataByTag\\\",\\\"statsType\\\":\\\"sum\\\",\\\"startTime\\\":\\\"today 10:00\\\",\\\"endTime\\\":\\\"today 14:00\\\",\\\"outputField\\\":\\\"value\\\"}]},{\\\"type\\\":\\\"dataProcess\\\",\\\"progressType\\\":\\\"expression\\\",\\\"expression\\\":\\\"todayV * 2\\\",\\\"script\\\":\\\"function(data){ return data.todayVoltage + data.yesterdayVoltage.value}\\\"},{\\\"type\\\":\\\"storage\\\",\\\"targetType\\\":\\\"dataView\\\",\\\"viewName\\\":\\\"车间1\\\",\\\"viewCode\\\":\\\"12ddds-ssds-ddd\\\",\\\"attr\\\":\\\"电压\\\",\\\"timestamp\\\":\\\"now\\\"}]\",\n\t\"name\":\"testA\"\n}"
          }
        },
        "response": {
          "id": "f03ff432-9ae2-4187-98c6-a65366cb193e",
          "status": "OK",
          "code": 200,
          "header": [
            {
              "key": "Content-Type",
              "value": "application/json; charset=utf-8"
            },
            {
              "key": "Content-Length",
              "value": "119"
            },
            {
              "key": "Date",
              "value": "Thu, 16 Sep 2021 08:01:00 GMT"
            },
            {
              "key": "Connection",
              "value": "keep-alive"
            }
          ],
          "stream": {
            "type": "Buffer",
            "data": [
              123,
              10,
              32,
              32,
              34,
              99,
              111,
              100,
              101,
              34,
              58,
              32,
              34,
              52,
              48,
              48,
              34,
              44,
              10,
              32,
              32,
              34,
              100,
              97,
              116,
              97,
              34,
              58,
              32,
              110,
              117,
              108,
              108,
              44,
              10,
              32,
              32,
              34,
              101,
              114,
              114,
              111,
              114,
              67,
              111,
              100,
              101,
              34,
              58,
              32,
              34,
              99,
              117,
              114,
              114,
              101,
              110,
              116,
              32,
              102,
              108,
              111,
              119,
              32,
              104,
              97,
              115,
              32,
              110,
              111,
              116,
              32,
              101,
              120,
              105,
              115,
              116,
              34,
              44,
              10,
              32,
              32,
              34,
              109,
              115,
              103,
              34,
              58,
              32,
              34,
              99,
              117,
              114,
              114,
              101,
              110,
              116,
              32,
              102,
              108,
              111,
              119,
              32,
              104,
              97,
              115,
              32,
              110,
              111,
              116,
              32,
              101,
              120,
              105,
              115,
              116,
              34,
              10,
              125
            ]
          },
          "cookie": [],
          "responseTime": 12,
          "responseSize": 119
        },
        "id": "5be2d778-6f60-7743-73fa-5f7105c3e72e"
      }
    ],
    "transfers": {
      "responseTotal": 742
    },
    "failures": [
      {
        "error": {
          "name": "AssertionError",
          "index": 1,
          "test": "Status code is 400",
          "message": "expected response to have status code 400 but got 200",
          "stack": "AssertionError: expected response to have status code 400 but got 200\n   at Object.eval sandbox-script.js:2:1)",
          "checksum": "df8287cd5455aad5d04a01ebdc3d2915",
          "id": "3a003044-3cfc-4046-a559-ea82ff2a3d17",
          "timestamp": 1631779259634,
          "stacktrace": [
            {
              "fileName": "sandbox-script.js",
              "lineNumber": 2,
              "functionName": "Object.eval",
              "typeName": "Object",
              "methodName": "eval",
              "columnNumber": 1,
              "native": false
            }
          ]
        },
        "at": "assertion:1 in test-script",
        "source": {
          "id": "ae6394f8-9c76-a5af-9816-b3b89d906a3f",
          "name": "createFlow",
          "request": {
            "url": {
              "protocol": "{{protocol}}",
              "port": "{{port}}",
              "path": [
                "api",
                "v1",
                "flow"
              ],
              "host": [
                "{{path}}"
              ],
              "query": [],
              "variable": []
            },
            "header": [
              {
                "key": "Content-Type",
                "value": "application/json"
              }
            ],
            "method": "POST",
            "body": {
              "mode": "raw",
              "raw": "{\n\t\"flow\": \"[{\\\"type\\\":\\\"inject\\\",\\\"payload\\\":\\\"\\\",\\\"payloadType\\\":\\\"date\\\",\\\"once\\\":true,\\\"onceDelay\\\":0.1,\\\"repeat\\\":\\\"10s\\\",\\\"crontab\\\":\\\"*/1 0-0.5 * * *\\\"},{\\\"type\\\":\\\"getData\\\",\\\"data\\\":[{\\\"name\\\":\\\"今日电压\\\",\\\"code\\\":\\\"todayV\\\",\\\"souceType\\\":\\\"device\\\",\\\"device\\\":\\\"zyj_test\\\",\\\"attr\\\":\\\"A1\\\",\\\"source\\\":\\\"getRtDataByTag\\\",\\\"statsType\\\":\\\"sum\\\",\\\"startTime\\\":\\\"today 10:00\\\",\\\"endTime\\\":\\\"today 14:00\\\",\\\"outputField\\\":\\\"value\\\"}]},{\\\"type\\\":\\\"dataProcess\\\",\\\"progressType\\\":\\\"expression\\\",\\\"expression\\\":\\\"todayV * 2\\\",\\\"script\\\":\\\"function(data){ return data.todayVoltage + data.yesterdayVoltage.value}\\\"},{\\\"type\\\":\\\"storage\\\",\\\"targetType\\\":\\\"dataView\\\",\\\"viewName\\\":\\\"车间1\\\",\\\"viewCode\\\":\\\"12ddds-ssds-ddd\\\",\\\"attr\\\":\\\"电压\\\",\\\"timestamp\\\":\\\"now\\\"}]\",\n\t\"name\":\"test\",\n\t\"projectId\": \"{{projectId}}\",\n\t\"tenantId\": \"{{tenantId}}\"\n}"
            }
          },
          "response": [],
          "event": [
            {
              "listen": "test",
              "script": {
                "id": "83245a01-67f1-440c-b30e-b3860c2f14e9",
                "type": "text/javascript",
                "exec": [
                  "pm.test(\"Status code is 200\", function () {\r",
                  "    pm.response.to.have.status(200);\r",
                  "});\r",
                  "\r",
                  "pm.test(\"Status code is 400\", function () {\r",
                  "    pm.response.to.have.status(400);\r",
                  "});\r",
                  "\r",
                  "pm.test(\"hasData!!!\", function () {\r",
                  "    pm.response.to.have.jsonBody('data');\r",
                  "});\r",
                  ""
                ],
                "_lastExecutionId": "7f7cb884-9761-48e9-88cf-4061dee3a893"
              }
            },
            {
              "listen": "prerequest",
              "script": {
                "id": "0bbaf686-70e6-4db4-a004-dbb2b5688db9",
                "type": "text/javascript",
                "exec": [
                  "console.log('createFlow begin!!!')\r",
                  "pm.globals.set(\"tenantId\", \"hponkau9\");"
                ],
                "_lastExecutionId": "57ccd7f1-2f48-45ba-8e51-03feae84277e"
              }
            }
          ]
        },
        "parent": {
          "_": {
            "postman_id": "c61b1232-c620-42d3-43df-bbd660cabf11"
          },
          "item": [
            {
              "id": "ae6394f8-9c76-a5af-9816-b3b89d906a3f",
              "name": "createFlow",
              "request": {
                "url": {
                  "protocol": "{{protocol}}",
                  "port": "{{port}}",
                  "path": [
                    "api",
                    "v1",
                    "flow"
                  ],
                  "host": [
                    "{{path}}"
                  ],
                  "query": [],
                  "variable": []
                },
                "header": [
                  {
                    "key": "Content-Type",
                    "value": "application/json"
                  }
                ],
                "method": "POST",
                "body": {
                  "mode": "raw",
                  "raw": "{\n\t\"flow\": \"[{\\\"type\\\":\\\"inject\\\",\\\"payload\\\":\\\"\\\",\\\"payloadType\\\":\\\"date\\\",\\\"once\\\":true,\\\"onceDelay\\\":0.1,\\\"repeat\\\":\\\"10s\\\",\\\"crontab\\\":\\\"*/1 0-0.5 * * *\\\"},{\\\"type\\\":\\\"getData\\\",\\\"data\\\":[{\\\"name\\\":\\\"今日电压\\\",\\\"code\\\":\\\"todayV\\\",\\\"souceType\\\":\\\"device\\\",\\\"device\\\":\\\"zyj_test\\\",\\\"attr\\\":\\\"A1\\\",\\\"source\\\":\\\"getRtDataByTag\\\",\\\"statsType\\\":\\\"sum\\\",\\\"startTime\\\":\\\"today 10:00\\\",\\\"endTime\\\":\\\"today 14:00\\\",\\\"outputField\\\":\\\"value\\\"}]},{\\\"type\\\":\\\"dataProcess\\\",\\\"progressType\\\":\\\"expression\\\",\\\"expression\\\":\\\"todayV * 2\\\",\\\"script\\\":\\\"function(data){ return data.todayVoltage + data.yesterdayVoltage.value}\\\"},{\\\"type\\\":\\\"storage\\\",\\\"targetType\\\":\\\"dataView\\\",\\\"viewName\\\":\\\"车间1\\\",\\\"viewCode\\\":\\\"12ddds-ssds-ddd\\\",\\\"attr\\\":\\\"电压\\\",\\\"timestamp\\\":\\\"now\\\"}]\",\n\t\"name\":\"test\",\n\t\"projectId\": \"{{projectId}}\",\n\t\"tenantId\": \"{{tenantId}}\"\n}"
                }
              },
              "response": [],
              "event": [
                {
                  "listen": "test",
                  "script": {
                    "id": "83245a01-67f1-440c-b30e-b3860c2f14e9",
                    "type": "text/javascript",
                    "exec": [
                      "pm.test(\"Status code is 200\", function () {\r",
                      "    pm.response.to.have.status(200);\r",
                      "});\r",
                      "\r",
                      "pm.test(\"Status code is 400\", function () {\r",
                      "    pm.response.to.have.status(400);\r",
                      "});\r",
                      "\r",
                      "pm.test(\"hasData!!!\", function () {\r",
                      "    pm.response.to.have.jsonBody('data');\r",
                      "});\r",
                      ""
                    ],
                    "_lastExecutionId": "7f7cb884-9761-48e9-88cf-4061dee3a893"
                  }
                },
                {
                  "listen": "prerequest",
                  "script": {
                    "id": "0bbaf686-70e6-4db4-a004-dbb2b5688db9",
                    "type": "text/javascript",
                    "exec": [
                      "console.log('createFlow begin!!!')\r",
                      "pm.globals.set(\"tenantId\", \"hponkau9\");"
                    ],
                    "_lastExecutionId": "57ccd7f1-2f48-45ba-8e51-03feae84277e"
                  }
                }
              ]
            },
            {
              "id": "bf589ab9-8ce2-d836-d799-fbc86450a1ef",
              "name": "getFlow",
              "request": {
                "url": {
                  "protocol": "{{protocol}}",
                  "port": "{{port}}",
                  "path": [
                    "api",
                    "v1",
                    "flow",
                    "364e5ece.e9d2b2"
                  ],
                  "host": [
                    "{{path}}"
                  ],
                  "query": [],
                  "variable": []
                },
                "method": "GET"
              },
              "response": [],
              "event": []
            },
            {
              "id": "0dad5118-2c75-e3fe-8c73-f02c197684b4",
              "name": "startFlow",
              "request": {
                "url": {
                  "protocol": "{{protocol}}",
                  "port": "{{port}}",
                  "path": [
                    "api",
                    "v1",
                    "flow-status",
                    "7d19077b.0a9e38",
                    "start"
                  ],
                  "host": [
                    "{{path}}"
                  ],
                  "query": [],
                  "variable": []
                },
                "header": [
                  {
                    "disabled": true,
                    "key": "Content-Type",
                    "value": "application/json"
                  }
                ],
                "method": "POST",
                "body": {
                  "mode": "raw",
                  "raw": ""
                }
              },
              "response": [],
              "event": []
            },
            {
              "id": "c4d4b268-a59e-666a-07cf-61053cdf4c35",
              "name": "stopFlow",
              "request": {
                "url": {
                  "protocol": "{{protocol}}",
                  "port": "{{port}}",
                  "path": [
                    "api",
                    "v1",
                    "flow-status",
                    "7d0df1ed.4431a",
                    "stop"
                  ],
                  "host": [
                    "{{path}}"
                  ],
                  "query": [],
                  "variable": []
                },
                "header": [
                  {
                    "disabled": true,
                    "key": "Content-Type",
                    "value": "application/json"
                  }
                ],
                "method": "POST",
                "body": {
                  "mode": "raw",
                  "raw": ""
                }
              },
              "response": [],
              "event": []
            },
            {
              "id": "a62df369-fadd-d4a7-6c35-5458e36abf53",
              "name": "deleteFlow",
              "request": {
                "url": {
                  "protocol": "{{protocol}}",
                  "port": "{{port}}",
                  "path": [
                    "api",
                    "v1",
                    "flow",
                    "3568a143.8fd45e"
                  ],
                  "host": [
                    "{{path}}"
                  ],
                  "query": [],
                  "variable": []
                },
                "method": "DELETE",
                "body": {
                  "mode": "formdata",
                  "formdata": []
                }
              },
              "response": [],
              "event": []
            },
            {
              "id": "575ab365-3ece-4b55-8e52-45986bbe2cbf",
              "name": "batchDeleteFlow",
              "request": {
                "url": {
                  "protocol": "{{protocol}}",
                  "port": "{{port}}",
                  "path": [
                    "api",
                    "v1",
                    "batchFlow"
                  ],
                  "host": [
                    "{{path}}"
                  ],
                  "query": [],
                  "variable": []
                },
                "method": "DELETE",
                "body": {
                  "mode": "raw",
                  "raw": "{\r\n    \"ids\": [\"60a8ef3c.65086\", \"6d0903ef.1d00dc\"]\r\n}",
                  "options": {
                    "raw": {
                      "language": "json"
                    }
                  }
                }
              },
              "response": [],
              "event": []
            },
            {
              "id": "5be2d778-6f60-7743-73fa-5f7105c3e72e",
              "name": "updateFlow",
              "request": {
                "url": {
                  "protocol": "{{protocol}}",
                  "port": "{{port}}",
                  "path": [
                    "api",
                    "v1",
                    "flow",
                    "3c9da63c.0e0caa"
                  ],
                  "host": [
                    "{{path}}"
                  ],
                  "query": [],
                  "variable": []
                },
                "header": [
                  {
                    "key": "Content-Type",
                    "value": "application/json"
                  }
                ],
                "method": "PUT",
                "body": {
                  "mode": "raw",
                  "raw": "{\n\t\"flow\": \"[{\\\"type\\\":\\\"inject\\\",\\\"payload\\\":\\\"\\\",\\\"payloadType\\\":\\\"date\\\",\\\"once\\\":true,\\\"onceDelay\\\":0.1,\\\"repeat\\\":\\\"10s\\\",\\\"crontab\\\":\\\"*/1 0-0.5 * * *\\\"},{\\\"type\\\":\\\"getData\\\",\\\"data\\\":[{\\\"name\\\":\\\"今日电压\\\",\\\"code\\\":\\\"todayV\\\",\\\"souceType\\\":\\\"device\\\",\\\"device\\\":\\\"son01\\\",\\\"attr\\\":\\\"A1\\\",\\\"source\\\":\\\"getRtDataByTag\\\",\\\"statsType\\\":\\\"sum\\\",\\\"startTime\\\":\\\"today 10:00\\\",\\\"endTime\\\":\\\"today 14:00\\\",\\\"outputField\\\":\\\"value\\\"}]},{\\\"type\\\":\\\"dataProcess\\\",\\\"progressType\\\":\\\"expression\\\",\\\"expression\\\":\\\"todayV * 2\\\",\\\"script\\\":\\\"function(data){ return data.todayVoltage + data.yesterdayVoltage.value}\\\"},{\\\"type\\\":\\\"storage\\\",\\\"targetType\\\":\\\"dataView\\\",\\\"viewName\\\":\\\"车间1\\\",\\\"viewCode\\\":\\\"12ddds-ssds-ddd\\\",\\\"attr\\\":\\\"电压\\\",\\\"timestamp\\\":\\\"now\\\"}]\",\n\t\"name\":\"testA\"\n}"
                }
              },
              "response": [],
              "event": [
                {
                  "listen": "prerequest",
                  "script": {
                    "id": "fe360775-0348-4ac6-b8d1-ee6ebe2f3c89",
                    "type": "text/javascript",
                    "exec": [
                      "const repeatTime = Math.floor(Math.random()*10 + 1);",
                      "",
                      "postman.setEnvironmentVariable(\"repeatTime\", \"repeatTime\");"
                    ],
                    "_lastExecutionId": "bd894ced-bbfb-415d-85d4-b49271842edf"
                  }
                }
              ]
            }
          ],
          "event": [
            {
              "listen": "prerequest",
              "script": {
                "id": "af7cde96-1caf-402a-b173-86e9ed0ef3ae",
                "type": "text/javascript",
                "exec": [
                  ""
                ],
                "_lastExecutionId": "b0597114-8e3c-45d6-9db9-46d700db4255"
              }
            },
            {
              "listen": "test",
              "script": {
                "id": "286b3a9c-648e-403a-8e06-0dd12f615db3",
                "type": "text/javascript",
                "exec": [
                  ""
                ],
                "_lastExecutionId": "1b6f0289-5f85-432b-8dc8-986a7523111c"
              }
            }
          ],
          "variable": [
            {
              "id": "df7540e6-af85-491a-b311-a8d10a6b10a1",
              "type": "any",
              "value": "localhost",
              "key": "path"
            },
            {
              "id": "1736d972-c1e5-4b2a-a139-be3df1140cd2",
              "type": "any",
              "value": "8603",
              "key": "port"
            },
            {
              "id": "05201556-9874-4202-a387-42dad9140fdc",
              "type": "any",
              "value": "http",
              "key": "protocol"
            },
            {
              "id": "d46330ae-77d9-4d71-baa3-2a528b541342",
              "type": "any",
              "value": "hponkau9",
              "key": "tenantId"
            },
            {
              "id": "7c91368c-75b6-4d4f-b15c-7c8ad384806b",
              "type": "any",
              "value": "61230350632e6f0001783d5f",
              "key": "projectId"
            }
          ],
          "info": {
            "_postman_id": "c61b1232-c620-42d3-43df-bbd660cabf11",
            "name": "rule",
            "schema": "https://schema.getpostman.com/json/collection/v2.1.0/collection.json"
          }
        },
        "cursor": {
          "position": 0,
          "iteration": 0,
          "length": 7,
          "cycles": 1,
          "empty": false,
          "eof": false,
          "bof": true,
          "cr": false,
          "ref": "5aaa35a1-98f6-4557-8593-e45813bd0571",
          "httpRequestId": "14693fd3-42f6-47a7-ad67-c9c7dfb07916",
          "scriptId": "83245a01-67f1-440c-b30e-b3860c2f14e9",
          "execution": "7f7cb884-9761-48e9-88cf-4061dee3a893"
        }
      }
    ],
    "error": null
  }
}